{
  "axis_asymmetry_tolerance": 0.01,
  "axis_mean_tolerance": 0.01,
  "cartesian_axis_statistics": {
    "maximum_mean_difference": 0.0002428128184807088,
    "mean_abs_x": 0.49986891807517364,
    "mean_abs_y": 0.4999087809538755,
    "mean_abs_z": 0.5001117308936543
  },
  "coplanarity": {
    "maximum_absolute_scalar_triple_product": 1.421918197638579e-12,
    "mean_absolute_scalar_triple_product": 2.8092155184427755e-13,
    "p999_absolute_scalar_triple_product": 1.1743343214690693e-12,
    "p99_absolute_scalar_triple_product": 9.369487351460512e-13
  },
  "coplanarity_tolerance": 1e-06,
  "energy_closure": {
    "maximum_absolute_error_MeV": 8.000100004679211e-08,
    "mean_absolute_error_MeV": 7.999999872848385e-08,
    "p99_absolute_error_MeV": 8.000099982474751e-08
  },
  "energy_sum_tolerance_MeV": 5e-06,
  "events_analyzed": 100000,
  "events_read": 100000,
  "failures": [],
  "input_csv": "ore_powell_benchmark_run/annihilation_gammas.csv",
  "momentum_closure": {
    "maximum_error_MeV_over_c": 1.1904595856269979e-12,
    "mean_error_MeV_over_c": 5.181043581354273e-13,
    "p99_error_MeV_over_c": 9.972755779450724e-13
  },
  "momentum_tolerance_MeV_over_c": 5e-06,
  "multiplicity_failures": 0,
  "opening_angles_degrees": {
    "low_high": {
      "maximum": 179.78233660898547,
      "mean": 131.91804760366642,
      "minimum": 90.30858365784907,
      "std": 17.906453884944803
    },
    "low_middle": {
      "maximum": 119.98154036099945,
      "mean": 72.37868815031752,
      "minimum": 0.257083724460082,
      "std": 26.170284814032392
    },
    "middle_high": {
      "maximum": 179.98383743354785,
      "mean": 155.70326424601612,
      "minimum": 120.03345435272388,
      "std": 13.617857749859452
    }
  },
  "photon_cos_theta": {
    "chi_square": 6.736666666666667,
    "degrees_of_freedom": 19,
    "z_score": -1.9893753611335845
  },
  "photon_phi": {
    "chi_square": 20.78128,
    "degrees_of_freedom": 23,
    "z_score": -0.3271324169599935
  },
  "plane_normal_cos_theta": {
    "chi_square": 17.701999999999998,
    "degrees_of_freedom": 19,
    "z_score": -0.21056340462773007
  },
  "plane_normal_failures": 0,
  "plane_normal_phi": {
    "chi_square": 16.82336,
    "degrees_of_freedom": 23,
    "z_score": -0.9106958840645837
  },
  "status": "PASS",
  "uniformity_z_limit": 6.0
}
